{
  "navigationFallback": {
    "rewrite": "/index.html",
    "exclude": [
      "/api/*",
      "/.auth/*",
      "/*.{css,js,png,gif,ico,jpg,jpeg,svg,woff,woff2}"
    ]
  },
  "routes": [
    {
      "route": "/login",
      "redirect": "/.auth/login/aad?post_login_redirect_uri=/"
    },
    {
      "route": "/logout",
      "redirect": "/.auth/logout?post_logout_redirect_uri=/"
    },
    {
      "route": "/api/*",
      "allowedRoles": ["authenticated"]
    },
    {
      "route": "/assets/*",
      "headers": {
        "Cache-Control": "public, max-age=31536000, immutable"
      }
    },
    {
      "route": "/*.{js,css,ico,png,svg,jpg,jpeg,woff,woff2}",
      "headers": {
        "Cache-Control": "public, max-age=31536000, immutable"
      }
    },
    {
      "route": "/index.html",
      "headers": {
        "Cache-Control": "no-store, no-cache, must-revalidate"
      }
    },
    {
      "route": "/",
      "headers": {
        "Cache-Control": "no-store, no-cache, must-revalidate"
      }
    }
  ],
  "responseOverrides": {
    "401": {
      "redirect": "/login",
      "statusCode": 302
    }
  }
}
